-- phpMyAdmin SQL Dump
-- version 5.2.1
-- https://www.phpmyadmin.net/
--
-- Hôte : 127.0.0.1
-- Généré le : mer. 01 avr. 2026 à 17:07
-- Version du serveur : 10.4.32-MariaDB
-- Version de PHP : 8.0.30

SET SQL_MODE = "NO_AUTO_VALUE_ON_ZERO";
START TRANSACTION;
SET time_zone = "+00:00";


/*!40101 SET @OLD_CHARACTER_SET_CLIENT=@@CHARACTER_SET_CLIENT */;
/*!40101 SET @OLD_CHARACTER_SET_RESULTS=@@CHARACTER_SET_RESULTS */;
/*!40101 SET @OLD_COLLATION_CONNECTION=@@COLLATION_CONNECTION */;
/*!40101 SET NAMES utf8mb4 */;

--
-- Base de données : `sa_maria`
--

-- --------------------------------------------------------

--
-- Structure de la table `categorie`
--

CREATE TABLE `categorie` (
  `ID_CATEGORIE` int(10) UNSIGNED NOT NULL,
  `DESC_CATEGORIE` varchar(100) NOT NULL,
  `EST_ACTIVE` tinyint(1) NOT NULL DEFAULT 1
) ENGINE=InnoDB DEFAULT CHARSET=utf8mb4 COLLATE=utf8mb4_general_ci;

--
-- Déchargement des données de la table `categorie`
--

INSERT INTO `categorie` (`ID_CATEGORIE`, `DESC_CATEGORIE`, `EST_ACTIVE`) VALUES
(1, 'Boisson', 1),
(2, 'Nourriture', 1);

-- --------------------------------------------------------

--
-- Structure de la table `categorie_sous_categ`
--

CREATE TABLE `categorie_sous_categ` (
  `ID_SOUS_CATEGORIE` int(10) UNSIGNED NOT NULL,
  `ID_CATEGORIE` int(11) NOT NULL,
  `DESC_SOUS_CATEGORIE` varchar(100) NOT NULL,
  `EST_ACTIVE` tinyint(1) NOT NULL DEFAULT 1
) ENGINE=InnoDB DEFAULT CHARSET=utf8mb4 COLLATE=utf8mb4_general_ci;

--
-- Déchargement des données de la table `categorie_sous_categ`
--

INSERT INTO `categorie_sous_categ` (`ID_SOUS_CATEGORIE`, `ID_CATEGORIE`, `DESC_SOUS_CATEGORIE`, `EST_ACTIVE`) VALUES
(1, 1, 'Bières locales', 1),
(2, 1, 'Bières importés', 1),
(3, 1, 'Jus', 1),
(4, 1, 'Boissons gazeuses(Fanta)', 1),
(5, 1, 'Vin & liqueur', 1);

-- --------------------------------------------------------

--
-- Structure de la table `ci_sessions`
--

CREATE TABLE `ci_sessions` (
  `id` varchar(128) NOT NULL,
  `ip_address` varchar(45) NOT NULL,
  `timestamp` int(10) UNSIGNED NOT NULL DEFAULT 0,
  `data` blob NOT NULL
) ENGINE=InnoDB DEFAULT CHARSET=utf8mb4 COLLATE=utf8mb4_general_ci;

--
-- Déchargement des données de la table `ci_sessions`
--

INSERT INTO `ci_sessions` (`id`, `ip_address`, `timestamp`, `data`) VALUES
('ci_session:0dfgd73nao7u915rn5j2a0vb60tpvtgb', '::1', 4294967295, 0x5f5f63695f6c6173745f726567656e65726174657c693a313737343839353639333b5f63695f70726576696f75735f75726c7c733a33323a22687474703a2f2f6c6f63616c686f73743a383038302f76656e7465732f616464223b),
('ci_session:0pmqn25id17jsepispsoodaiqetcrnr0', '::1', 4294967295, 0x5f5f63695f6c6173745f726567656e65726174657c693a313737343836393332363b5f63695f70726576696f75735f75726c7c733a33323a22687474703a2f2f6c6f63616c686f73743a383038302f76656e7465732f616464223b757365725f69647c733a313a2231223b),
('ci_session:0q2ilnn2mr3buqie2idptpnu1fkc551u', '::1', 4294967295, 0x5f5f63695f6c6173745f726567656e65726174657c693a313737333835363231343b5f63695f70726576696f75735f75726c7c733a33393a22687474703a2f2f6c6f63616c686f73743a383038302f64617368626f72642f64617368626f7264223b),
('ci_session:13d6kdukl2sm2tbf3b1c75vn5b39trin', '::1', 4294967295, 0x5f5f63695f6c6173745f726567656e65726174657c693a313737333638353336363b5f63695f70726576696f75735f75726c7c733a33333a22687474703a2f2f6c6f63616c686f73743a383038302f6c6f67696e2f6c6f67696e223b757365725f69647c733a313a2231223b),
('ci_session:1bld9ejevjhcbhgpvfsmcld36780r9fc', '::1', 4294967295, 0x5f5f63695f6c6173745f726567656e65726174657c693a313737333735333638363b5f63695f70726576696f75735f75726c7c733a33393a22687474703a2f2f6c6f63616c686f73743a383038302f64617368626f72642f64617368626f7264223b),
('ci_session:1bvcj3hp76oo0sh6pbn0tiq8vnt40e3n', '::1', 4294967295, 0x5f5f63695f6c6173745f726567656e65726174657c693a313737333835383332343b5f63695f70726576696f75735f75726c7c733a33393a22687474703a2f2f6c6f63616c686f73743a383038302f64617368626f72642f64617368626f7264223b),
('ci_session:2aiuefgedbhvs9i8msnopd86h613gn1j', '::1', 4294967295, 0x5f5f63695f6c6173745f726567656e65726174657c693a313737343835363932333b5f63695f70726576696f75735f75726c7c733a33393a22687474703a2f2f6c6f63616c686f73743a383038302f64617368626f72642f64617368626f7264223b757365725f69647c733a313a2231223b),
('ci_session:2jqfi8061ja8lan0svqr7de2n3f8npjk', '::1', 4294967295, 0x5f5f63695f6c6173745f726567656e65726174657c693a313737333733303032343b5f63695f70726576696f75735f75726c7c733a32323a22687474703a2f2f6c6f63616c686f73743a383038302f223b757365725f69647c733a313a2231223b),
('ci_session:2n674c9b6olanmcicsf2jnsubke6pak0', '::1', 4294967295, 0x5f5f63695f6c6173745f726567656e65726174657c693a313737333638353030373b5f63695f70726576696f75735f75726c7c733a33333a22687474703a2f2f6c6f63616c686f73743a383038302f6c6f67696e2f6c6f67696e223b),
('ci_session:2pt3udcnphaskv2d22a5o8n9r473c7mo', '::1', 4294967295, 0x5f5f63695f6c6173745f726567656e65726174657c693a313737343838323235393b5f63695f70726576696f75735f75726c7c733a33323a22687474703a2f2f6c6f63616c686f73743a383038302f76656e7465732f616464223b),
('ci_session:2t2sni75l4a7fr2c6ahq713ith2j0r8e', '::1', 4294967295, 0x5f5f63695f6c6173745f726567656e65726174657c693a313737333733363437373b5f63695f70726576696f75735f75726c7c733a33393a22687474703a2f2f6c6f63616c686f73743a383038302f64617368626f72642f64617368626f7264223b757365725f69647c733a313a2231223b),
('ci_session:3o174gohfqvqpovrp78fqkp63oh4qltl', '::1', 4294967295, 0x5f5f63695f6c6173745f726567656e65726174657c693a313737343836373030373b5f63695f70726576696f75735f75726c7c733a33323a22687474703a2f2f6c6f63616c686f73743a383038302f76656e7465732f616464223b757365725f69647c733a313a2231223b),
('ci_session:3tga1iflsfr33dl0mindhmbvvedc3kfo', '::1', 4294967295, 0x5f5f63695f6c6173745f726567656e65726174657c693a313737343835363530363b5f63695f70726576696f75735f75726c7c733a33393a22687474703a2f2f6c6f63616c686f73743a383038302f64617368626f72642f64617368626f7264223b757365725f69647c733a313a2231223b),
('ci_session:3tsi97954hpforq2ofh892c25to716q1', '::1', 4294967295, 0x5f5f63695f6c6173745f726567656e65726174657c693a313737333736303537393b5f63695f70726576696f75735f75726c7c733a33393a22687474703a2f2f6c6f63616c686f73743a383038302f64617368626f72642f64617368626f7264223b),
('ci_session:4gotab4v8sre9qjlrb9rc9o7j7ftoloh', '::1', 4294967295, 0x5f5f63695f6c6173745f726567656e65726174657c693a313737353032383139343b5f63695f70726576696f75735f75726c7c733a33393a22687474703a2f2f6c6f63616c686f73743a383038302f64617368626f72642f64617368626f7264223b757365725f69647c733a313a2231223b),
('ci_session:4t0ke4f4g3upsrngl7taahvngaal6ch3', '::1', 4294967295, 0x5f5f63695f6c6173745f726567656e65726174657c693a313737333733313837353b5f63695f70726576696f75735f75726c7c733a33393a22687474703a2f2f6c6f63616c686f73743a383038302f64617368626f72642f64617368626f7264223b757365725f69647c733a313a2231223b),
('ci_session:53p8dgeujupbrm0luvvlrb0qkrs8vhef', '::1', 4294967295, 0x5f5f63695f6c6173745f726567656e65726174657c693a313737353033323237373b5f63695f70726576696f75735f75726c7c733a32373a22687474703a2f2f6c6f63616c686f73743a383038302f6163686174223b757365725f69647c733a313a2231223b),
('ci_session:5627imb167gg5s6nee7ocghs76tq9rgf', '::1', 4294967295, 0x5f5f63695f6c6173745f726567656e65726174657c693a313737343835373730393b5f63695f70726576696f75735f75726c7c733a33323a22687474703a2f2f6c6f63616c686f73743a383038302f76656e7465732f616464223b757365725f69647c733a313a2231223b),
('ci_session:59mglao342ap1u35qv4pubf70h7ra60a', '::1', 4294967295, 0x5f5f63695f6c6173745f726567656e65726174657c693a313737333933393339393b5f63695f70726576696f75735f75726c7c733a33393a22687474703a2f2f6c6f63616c686f73743a383038302f64617368626f72642f64617368626f7264223b757365725f69647c733a313a2231223b),
('ci_session:5ars96p4d22kehfefv58vgk8bgdvb1jg', '::1', 4294967295, 0x5f5f63695f6c6173745f726567656e65726174657c693a313737353035333232333b5f63695f70726576696f75735f75726c7c733a32373a22687474703a2f2f6c6f63616c686f73743a383038302f6163686174223b),
('ci_session:5duoplb4tgvrv13cmt9o4uovgmstf8ud', '::1', 4294967295, 0x5f5f63695f6c6173745f726567656e65726174657c693a313737333735393632303b5f63695f70726576696f75735f75726c7c733a33393a22687474703a2f2f6c6f63616c686f73743a383038302f64617368626f72642f64617368626f7264223b),
('ci_session:5eimopdeg8va4rmbk1qj8mr2kdoa79j1', '::1', 4294967295, 0x5f5f63695f6c6173745f726567656e65726174657c693a313737333733333738323b5f63695f70726576696f75735f75726c7c733a33393a22687474703a2f2f6c6f63616c686f73743a383038302f64617368626f72642f64617368626f7264223b757365725f69647c733a313a2231223b),
('ci_session:6d947kutkdv4s222efjdi2lqql0g2hc6', '::1', 4294967295, 0x5f5f63695f6c6173745f726567656e65726174657c693a313737333932393734353b5f63695f70726576696f75735f75726c7c733a33393a22687474703a2f2f6c6f63616c686f73743a383038302f64617368626f72642f64617368626f7264223b757365725f69647c733a313a2231223b),
('ci_session:6ksggvf8gscap312s5sbo6ving8qp9i5', '::1', 4294967295, 0x5f5f63695f6c6173745f726567656e65726174657c693a313737333933343936373b5f63695f70726576696f75735f75726c7c733a34383a22687474703a2f2f6c6f63616c686f73743a383038302f64617368626f72642f64617368626f72643f66696c7472653d32223b757365725f69647c733a313a2231223b),
('ci_session:753344a64e54pvhoudhdeqk347dk74p6', '::1', 4294967295, 0x5f5f63695f6c6173745f726567656e65726174657c693a313737333638353336363b5f63695f70726576696f75735f75726c7c733a33333a22687474703a2f2f6c6f63616c686f73743a383038302f6c6f67696e2f6c6f67696e223b757365725f69647c733a313a2231223b),
('ci_session:7ft7ehmv2b9d956frkfugg8ad7gqq99k', '::1', 4294967295, 0x5f5f63695f6c6173745f726567656e65726174657c693a313737333733323432313b5f63695f70726576696f75735f75726c7c733a33393a22687474703a2f2f6c6f63616c686f73743a383038302f64617368626f72642f64617368626f7264223b757365725f69647c733a313a2231223b),
('ci_session:7lel17j9nu5enepncjkid6fkoppg5e64', '::1', 4294967295, 0x5f5f63695f6c6173745f726567656e65726174657c693a313737343839333733373b5f63695f70726576696f75735f75726c7c733a33323a22687474703a2f2f6c6f63616c686f73743a383038302f76656e7465732f616464223b),
('ci_session:82p34568gg0o5m9a5fde9fd1asfchipt', '::1', 4294967295, 0x5f5f63695f6c6173745f726567656e65726174657c693a313737343836303330313b5f63695f70726576696f75735f75726c7c733a33323a22687474703a2f2f6c6f63616c686f73743a383038302f76656e7465732f616464223b757365725f69647c733a313a2231223b),
('ci_session:85im6pfv4ncgip189uf4etvbq388ckdb', '::1', 4294967295, 0x5f5f63695f6c6173745f726567656e65726174657c693a313737343838373931393b5f63695f70726576696f75735f75726c7c733a33393a22687474703a2f2f6c6f63616c686f73743a383038302f64617368626f72642f64617368626f7264223b),
('ci_session:88s1dfbcpi72aesjqs8v53l2etnu0tkg', '::1', 4294967295, 0x5f5f63695f6c6173745f726567656e65726174657c693a313737333835373537383b5f63695f70726576696f75735f75726c7c733a33393a22687474703a2f2f6c6f63616c686f73743a383038302f64617368626f72642f64617368626f7264223b),
('ci_session:8dpol6e1lfhg199uvqtgc0u3p20s8cnl', '::1', 4294967295, 0x5f5f63695f6c6173745f726567656e65726174657c693a313737333933323330393b5f63695f70726576696f75735f75726c7c733a34383a22687474703a2f2f6c6f63616c686f73743a383038302f64617368626f72642f64617368626f72643f66696c7472653d32223b757365725f69647c733a313a2231223b),
('ci_session:8qq6gd645g5l8c9im8uj9me8hvfor1u8', '::1', 4294967295, 0x5f5f63695f6c6173745f726567656e65726174657c693a313737333933323634313b5f63695f70726576696f75735f75726c7c733a34383a22687474703a2f2f6c6f63616c686f73743a383038302f64617368626f72642f64617368626f72643f66696c7472653d32223b757365725f69647c733a313a2231223b),
('ci_session:8t9bad933q45brhu8harmi1jfvbo98ti', '::1', 4294967295, 0x5f5f63695f6c6173745f726567656e65726174657c693a313737333734303537373b5f63695f70726576696f75735f75726c7c733a33393a22687474703a2f2f6c6f63616c686f73743a383038302f64617368626f72642f64617368626f7264223b757365725f69647c733a313a2231223b),
('ci_session:93befgqkau5t5r8bqqsvj3uc2qorbice', '::1', 4294967295, 0x5f5f63695f6c6173745f726567656e65726174657c693a313737343836313032343b5f63695f70726576696f75735f75726c7c733a33323a22687474703a2f2f6c6f63616c686f73743a383038302f76656e7465732f616464223b757365725f69647c733a313a2231223b),
('ci_session:96ptfbdouqicortesiqr2b0836bkcopq', '::1', 4294967295, 0x5f5f63695f6c6173745f726567656e65726174657c693a313737333933353432383b5f63695f70726576696f75735f75726c7c733a34383a22687474703a2f2f6c6f63616c686f73743a383038302f64617368626f72642f64617368626f72643f66696c7472653d32223b757365725f69647c733a313a2231223b),
('ci_session:9i1n7a8paj855g7gorskjtbofge2k805', '::1', 4294967295, 0x5f5f63695f6c6173745f726567656e65726174657c693a313737333933383738363b5f63695f70726576696f75735f75726c7c733a33393a22687474703a2f2f6c6f63616c686f73743a383038302f64617368626f72642f64617368626f7264223b757365725f69647c733a313a2231223b),
('ci_session:9ufho0ngrer0ns9t6qlq4vj712tfle5c', '::1', 4294967295, 0x5f5f63695f6c6173745f726567656e65726174657c693a313737333834343935303b5f63695f70726576696f75735f75726c7c733a33393a22687474703a2f2f6c6f63616c686f73743a383038302f64617368626f72642f64617368626f7264223b757365725f69647c733a313a2231223b),
('ci_session:a30gncqmetako3aovqe0cs7ccpintku0', '::1', 4294967295, 0x5f5f63695f6c6173745f726567656e65726174657c693a313737343839333433353b5f63695f70726576696f75735f75726c7c733a33323a22687474703a2f2f6c6f63616c686f73743a383038302f76656e7465732f616464223b),
('ci_session:a93cqh1mll5mh7akg67poedsknso0sj8', '::1', 4294967295, 0x5f5f63695f6c6173745f726567656e65726174657c693a313737333735333039363b5f63695f70726576696f75735f75726c7c733a33393a22687474703a2f2f6c6f63616c686f73743a383038302f64617368626f72642f64617368626f7264223b),
('ci_session:apku1l1ej8a6c7q8f9t3g93h8113sol9', '::1', 4294967295, 0x5f5f63695f6c6173745f726567656e65726174657c693a313737333733333430373b5f63695f70726576696f75735f75726c7c733a33393a22687474703a2f2f6c6f63616c686f73743a383038302f64617368626f72642f64617368626f7264223b757365725f69647c733a313a2231223b),
('ci_session:auf6gtfkmfha3u5hvbreuh1sshstidlj', '::1', 4294967295, 0x5f5f63695f6c6173745f726567656e65726174657c693a313737343838323838363b5f63695f70726576696f75735f75726c7c733a33323a22687474703a2f2f6c6f63616c686f73743a383038302f76656e7465732f616464223b),
('ci_session:b1h1vmfr6scfhgdbvncql8qaj8o3l0hh', '::1', 4294967295, 0x5f5f63695f6c6173745f726567656e65726174657c693a313737333933303933323b5f63695f70726576696f75735f75726c7c733a33393a22687474703a2f2f6c6f63616c686f73743a383038302f64617368626f72642f64617368626f7264223b757365725f69647c733a313a2231223b),
('ci_session:bbpou550n26mlpcp1ajuvug6r1v6gpna', '::1', 4294967295, 0x5f5f63695f6c6173745f726567656e65726174657c693a313737343836303637363b5f63695f70726576696f75735f75726c7c733a33323a22687474703a2f2f6c6f63616c686f73743a383038302f76656e7465732f616464223b757365725f69647c733a313a2231223b),
('ci_session:bkbp7jmuv8q3q4k9b4ts7v90p78bb2ta', '::1', 4294967295, 0x5f5f63695f6c6173745f726567656e65726174657c693a313737333735303433383b5f63695f70726576696f75735f75726c7c733a33393a22687474703a2f2f6c6f63616c686f73743a383038302f64617368626f72642f64617368626f7264223b),
('ci_session:bl3275i9rjhrn1i9952mvjtcafkoi5fv', '::1', 4294967295, 0x5f5f63695f6c6173745f726567656e65726174657c693a313737333733353136363b5f63695f70726576696f75735f75726c7c733a33393a22687474703a2f2f6c6f63616c686f73743a383038302f64617368626f72642f64617368626f7264223b757365725f69647c733a313a2231223b),
('ci_session:bnp3m78vlhn7migsgnd54a8ebekvmc1b', '::1', 4294967295, 0x5f5f63695f6c6173745f726567656e65726174657c693a313737343838383538303b5f63695f70726576696f75735f75726c7c733a33323a22687474703a2f2f6c6f63616c686f73743a383038302f76656e7465732f616464223b),
('ci_session:btahtkbueqtksiiobo21vkl2j0v9k95u', '::1', 4294967295, 0x5f5f63695f6c6173745f726567656e65726174657c693a313737343836393633303b5f63695f70726576696f75735f75726c7c733a33323a22687474703a2f2f6c6f63616c686f73743a383038302f76656e7465732f616464223b757365725f69647c733a313a2231223b),
('ci_session:c4ia4enf093fi5sj5605tnfvh9sadqp4', '::1', 4294967295, 0x5f5f63695f6c6173745f726567656e65726174657c693a313737333933333334333b5f63695f70726576696f75735f75726c7c733a34383a22687474703a2f2f6c6f63616c686f73743a383038302f64617368626f72642f64617368626f72643f66696c7472653d32223b757365725f69647c733a313a2231223b),
('ci_session:c5s3j65bq1k3p7p26gf9d67ju5e5cma7', '::1', 4294967295, 0x5f5f63695f6c6173745f726567656e65726174657c693a313737343838383930303b5f63695f70726576696f75735f75726c7c733a33323a22687474703a2f2f6c6f63616c686f73743a383038302f76656e7465732f616464223b),
('ci_session:cif3m291huufmu8d0788ka2am7kg88q4', '::1', 4294967295, 0x5f5f63695f6c6173745f726567656e65726174657c693a313737353033343135333b5f63695f70726576696f75735f75726c7c733a32373a22687474703a2f2f6c6f63616c686f73743a383038302f6163686174223b757365725f69647c733a313a2231223b),
('ci_session:cj1o353f8u1lj92r3ap2abc3o7e5thud', '::1', 4294967295, 0x5f5f63695f6c6173745f726567656e65726174657c693a313737333734313333343b5f63695f70726576696f75735f75726c7c733a33393a22687474703a2f2f6c6f63616c686f73743a383038302f64617368626f72642f64617368626f7264223b757365725f69647c733a313a2231223b),
('ci_session:cvboo692050i9itpms06af3p3mefgs89', '::1', 4294967295, 0x5f5f63695f6c6173745f726567656e65726174657c693a313737333933383436313b5f63695f70726576696f75735f75726c7c733a33393a22687474703a2f2f6c6f63616c686f73743a383038302f64617368626f72642f64617368626f7264223b757365725f69647c733a313a2231223b),
('ci_session:d74douao4rircmp7io1j8vkucpp8iklv', '::1', 4294967295, 0x5f5f63695f6c6173745f726567656e65726174657c693a313737353033343135333b5f63695f70726576696f75735f75726c7c733a32373a22687474703a2f2f6c6f63616c686f73743a383038302f6163686174223b757365725f69647c733a313a2231223b),
('ci_session:d7a5vllkkm39f3q4nmqs8c8gqb1ju0n9', '::1', 4294967295, 0x5f5f63695f6c6173745f726567656e65726174657c693a313737333735363438333b5f63695f70726576696f75735f75726c7c733a33393a22687474703a2f2f6c6f63616c686f73743a383038302f64617368626f72642f64617368626f7264223b),
('ci_session:d9n2ttm5baqoofv4ctdsklp2m4ikktgr', '::1', 4294967295, 0x5f5f63695f6c6173745f726567656e65726174657c693a313737333933363531383b5f63695f70726576696f75735f75726c7c733a33393a22687474703a2f2f6c6f63616c686f73743a383038302f64617368626f72642f64617368626f7264223b757365725f69647c733a313a2231223b),
('ci_session:db7jp5p6qn7urtilii0g7vf3ktrdeh4l', '::1', 4294967295, 0x5f5f63695f6c6173745f726567656e65726174657c693a313737333734303235333b5f63695f70726576696f75735f75726c7c733a33393a22687474703a2f2f6c6f63616c686f73743a383038302f64617368626f72642f64617368626f7264223b757365725f69647c733a313a2231223b),
('ci_session:e7021mhuiil18rp960eo3a2mm27356or', '::1', 4294967295, 0x5f5f63695f6c6173745f726567656e65726174657c693a313737343836383932313b5f63695f70726576696f75735f75726c7c733a33323a22687474703a2f2f6c6f63616c686f73743a383038302f76656e7465732f616464223b757365725f69647c733a313a2231223b),
('ci_session:edi63mqce93k4l90niji7rp137u5ktc9', '::1', 4294967295, 0x5f5f63695f6c6173745f726567656e65726174657c693a313737343837303934393b5f63695f70726576696f75735f75726c7c733a33323a22687474703a2f2f6c6f63616c686f73743a383038302f76656e7465732f616464223b757365725f69647c733a313a2231223b),
('ci_session:ek81q09timbsq89uacpqg1kj41gesvp2', '::1', 4294967295, 0x5f5f63695f6c6173745f726567656e65726174657c693a313737333735363038383b5f63695f70726576696f75735f75726c7c733a33393a22687474703a2f2f6c6f63616c686f73743a383038302f64617368626f72642f64617368626f7264223b),
('ci_session:enjeaqir5r9e768v8tlhkddi6c640ahl', '::1', 4294967295, 0x5f5f63695f6c6173745f726567656e65726174657c693a313737353033333730343b5f63695f70726576696f75735f75726c7c733a32373a22687474703a2f2f6c6f63616c686f73743a383038302f6163686174223b757365725f69647c733a313a2231223b),
('ci_session:ermcfp4jm9q1tqhbfme3be4704j26p8s', '::1', 4294967295, 0x5f5f63695f6c6173745f726567656e65726174657c693a313737343836373539363b5f63695f70726576696f75735f75726c7c733a33323a22687474703a2f2f6c6f63616c686f73743a383038302f76656e7465732f616464223b757365725f69647c733a313a2231223b),
('ci_session:f0frj7ukt4tfeo2ihjlomhus7rorgqal', '::1', 4294967295, 0x5f5f63695f6c6173745f726567656e65726174657c693a313737333834343935303b5f63695f70726576696f75735f75726c7c733a33393a22687474703a2f2f6c6f63616c686f73743a383038302f64617368626f72642f64617368626f7264223b757365725f69647c733a313a2231223b),
('ci_session:fb63dv16psgk2dgbr893llf8i4g7r84j', '::1', 4294967295, 0x5f5f63695f6c6173745f726567656e65726174657c693a313737343838363539343b5f63695f70726576696f75735f75726c7c733a33393a22687474703a2f2f6c6f63616c686f73743a383038302f64617368626f72642f64617368626f7264223b),
('ci_session:fnllqq99k1kedvbqcioulolbuog0thiq', '::1', 4294967295, 0x5f5f63695f6c6173745f726567656e65726174657c693a313737333734313333343b5f63695f70726576696f75735f75726c7c733a33393a22687474703a2f2f6c6f63616c686f73743a383038302f64617368626f72642f64617368626f7264223b757365725f69647c733a313a2231223b),
('ci_session:fou9ic3bogen53r4aljnea0r7uqo3qsr', '::1', 4294967295, 0x5f5f63695f6c6173745f726567656e65726174657c693a313737343839353639333b5f63695f70726576696f75735f75726c7c733a33323a22687474703a2f2f6c6f63616c686f73743a383038302f76656e7465732f616464223b),
('ci_session:fsru6l20s6mu1csslv9svl1k2mn5tglp', '::1', 4294967295, 0x5f5f63695f6c6173745f726567656e65726174657c693a313737343838393433343b5f63695f70726576696f75735f75726c7c733a33323a22687474703a2f2f6c6f63616c686f73743a383038302f76656e7465732f616464223b),
('ci_session:ftocob1gpm1ild50ss5dsq1gkfsoht8f', '::1', 4294967295, 0x5f5f63695f6c6173745f726567656e65726174657c693a313737343838313837353b5f63695f70726576696f75735f75726c7c733a33323a22687474703a2f2f6c6f63616c686f73743a383038302f76656e7465732f616464223b),
('ci_session:fv8r6pi217pffp6jr073l5262b8amn44', '::1', 4294967295, 0x5f5f63695f6c6173745f726567656e65726174657c693a313737343839323339373b5f63695f70726576696f75735f75726c7c733a33323a22687474703a2f2f6c6f63616c686f73743a383038302f76656e7465732f616464223b),
('ci_session:g1afhrleemdromm2mm47cum0n4p06bso', '::1', 4294967295, 0x5f5f63695f6c6173745f726567656e65726174657c693a313737333933353839383b5f63695f70726576696f75735f75726c7c733a33393a22687474703a2f2f6c6f63616c686f73743a383038302f64617368626f72642f64617368626f7264223b757365725f69647c733a313a2231223b),
('ci_session:g90lps2ojat846hddrj6vp26as3mdf7v', '::1', 4294967295, 0x5f5f63695f6c6173745f726567656e65726174657c693a313737343836343039393b5f63695f70726576696f75735f75726c7c733a33323a22687474703a2f2f6c6f63616c686f73743a383038302f76656e7465732f616464223b757365725f69647c733a313a2231223b),
('ci_session:gi4uc777cgr36ghgd96ebali24d89ksn', '::1', 4294967295, 0x5f5f63695f6c6173745f726567656e65726174657c693a313737353033303239323b5f63695f70726576696f75735f75726c7c733a32373a22687474703a2f2f6c6f63616c686f73743a383038302f6163686174223b757365725f69647c733a313a2231223b),
('ci_session:go0lukcjqi0110n8u1loit39ld964dhk', '::1', 4294967295, 0x5f5f63695f6c6173745f726567656e65726174657c693a313737333736303537393b5f63695f70726576696f75735f75726c7c733a33393a22687474703a2f2f6c6f63616c686f73743a383038302f64617368626f72642f64617368626f7264223b),
('ci_session:hginh0mebe287nuge4fsmpt4pviah4ci', '::1', 4294967295, 0x5f5f63695f6c6173745f726567656e65726174657c693a313737333733343836313b5f63695f70726576696f75735f75726c7c733a33393a22687474703a2f2f6c6f63616c686f73743a383038302f64617368626f72642f64617368626f7264223b757365725f69647c733a313a2231223b),
('ci_session:i4s3qdr1drf8rmtkpac44h18qtb9gvbl', '::1', 4294967295, 0x5f5f63695f6c6173745f726567656e65726174657c693a313737333733343530333b5f63695f70726576696f75735f75726c7c733a33393a22687474703a2f2f6c6f63616c686f73743a383038302f64617368626f72642f64617368626f7264223b757365725f69647c733a313a2231223b),
('ci_session:iapr9ful9tnp8ia5riaq4646crehc3n8', '::1', 4294967295, 0x5f5f63695f6c6173745f726567656e65726174657c693a313737343836373931313b5f63695f70726576696f75735f75726c7c733a33323a22687474703a2f2f6c6f63616c686f73743a383038302f76656e7465732f616464223b757365725f69647c733a313a2231223b),
('ci_session:iegq4fikkbsfn3aichh6ml9ijs8ak2me', '::1', 4294967295, 0x5f5f63695f6c6173745f726567656e65726174657c693a313737333933373032363b5f63695f70726576696f75735f75726c7c733a33393a22687474703a2f2f6c6f63616c686f73743a383038302f64617368626f72642f64617368626f7264223b757365725f69647c733a313a2231223b),
('ci_session:io59bk56plf42ts963il726fv9tu2b6i', '::1', 4294967295, 0x5f5f63695f6c6173745f726567656e65726174657c693a313737333735313138333b5f63695f70726576696f75735f75726c7c733a33393a22687474703a2f2f6c6f63616c686f73743a383038302f64617368626f72642f64617368626f7264223b),
('ci_session:j4ar7l7m1pg3ik5s9cupm2bla8fk6hgc', '::1', 4294967295, 0x5f5f63695f6c6173745f726567656e65726174657c693a313737343839313030383b5f63695f70726576696f75735f75726c7c733a33323a22687474703a2f2f6c6f63616c686f73743a383038302f76656e7465732f616464223b),
('ci_session:jjb3hh7gac8medi3c85guads4fou2dhb', '::1', 4294967295, 0x5f5f63695f6c6173745f726567656e65726174657c693a313737353032393130363b5f63695f70726576696f75735f75726c7c733a32373a22687474703a2f2f6c6f63616c686f73743a383038302f6163686174223b757365725f69647c733a313a2231223b),
('ci_session:jnntevcv9bunu06s2711k5h3dc09gphp', '::1', 4294967295, 0x5f5f63695f6c6173745f726567656e65726174657c693a313737343838353830393b5f63695f70726576696f75735f75726c7c733a33323a22687474703a2f2f6c6f63616c686f73743a383038302f76656e7465732f616464223b),
('ci_session:jturalhiplh7aqj9us0pb0l1gr7lnr41', '::1', 4294967295, 0x5f5f63695f6c6173745f726567656e65726174657c693a313737333733303839383b5f63695f70726576696f75735f75726c7c733a32323a22687474703a2f2f6c6f63616c686f73743a383038302f223b757365725f69647c733a313a2231223b),
('ci_session:ju70pho2in5222lls48816mmd8vdusuj', '::1', 4294967295, 0x5f5f63695f6c6173745f726567656e65726174657c693a313737343838323537313b5f63695f70726576696f75735f75726c7c733a33323a22687474703a2f2f6c6f63616c686f73743a383038302f76656e7465732f616464223b),
('ci_session:k9scg9dkpi039lvns0lkeeg64hnn5k02', '::1', 4294967295, 0x5f5f63695f6c6173745f726567656e65726174657c693a313737353035333232333b5f63695f70726576696f75735f75726c7c733a33323a22687474703a2f2f6c6f63616c686f73743a383038302f76656e7465732f616464223b),
('ci_session:kjm9thjd3a5khdgbgelk08umo7g3lgn4', '::1', 4294967295, 0x5f5f63695f6c6173745f726567656e65726174657c693a313737333933313935333b5f63695f70726576696f75735f75726c7c733a34383a22687474703a2f2f6c6f63616c686f73743a383038302f64617368626f72642f64617368626f72643f66696c7472653d32223b757365725f69647c733a313a2231223b),
('ci_session:ko202teokajl0fndhii54pjgjn8v5sla', '::1', 4294967295, 0x5f5f63695f6c6173745f726567656e65726174657c693a313737343839323736393b5f63695f70726576696f75735f75726c7c733a33323a22687474703a2f2f6c6f63616c686f73743a383038302f76656e7465732f616464223b),
('ci_session:ku8e9f0edila7o90bebg73cr2hapkvdq', '::1', 4294967295, 0x5f5f63695f6c6173745f726567656e65726174657c693a313737353032393539383b5f63695f70726576696f75735f75726c7c733a32373a22687474703a2f2f6c6f63616c686f73743a383038302f6163686174223b757365725f69647c733a313a2231223b),
('ci_session:l6nbqqhferaripv62ko1kac31d4bld2p', '::1', 4294967295, 0x5f5f63695f6c6173745f726567656e65726174657c693a313737333933313235373b5f63695f70726576696f75735f75726c7c733a34383a22687474703a2f2f6c6f63616c686f73743a383038302f64617368626f72642f64617368626f72643f66696c7472653d32223b757365725f69647c733a313a2231223b),
('ci_session:lcjb6tiupnd13f33t4hs1qlkb9oup42r', '::1', 4294967295, 0x5f5f63695f6c6173745f726567656e65726174657c693a313737353032383830343b5f63695f70726576696f75735f75726c7c733a32373a22687474703a2f2f6c6f63616c686f73743a383038302f6163686174223b757365725f69647c733a313a2231223b),
('ci_session:lhvebghoec9i63m224t6jmlqln5n892s', '::1', 4294967295, 0x5f5f63695f6c6173745f726567656e65726174657c693a313737353033313634363b5f63695f70726576696f75735f75726c7c733a32373a22687474703a2f2f6c6f63616c686f73743a383038302f6163686174223b757365725f69647c733a313a2231223b),
('ci_session:lkl28cer02ir66q87h1pphr5kacu15au', '::1', 4294967295, 0x5f5f63695f6c6173745f726567656e65726174657c693a313737333933393339393b5f63695f70726576696f75735f75726c7c733a33323a22687474703a2f2f6c6f63616c686f73743a383038302f76656e7465732f616464223b757365725f69647c733a313a2231223b),
('ci_session:lsukhmrpj46o9tgrjfertmbu0o3nj2qk', '::1', 4294967295, 0x5f5f63695f6c6173745f726567656e65726174657c693a313737343837313239393b5f63695f70726576696f75735f75726c7c733a33323a22687474703a2f2f6c6f63616c686f73743a383038302f76656e7465732f616464223b757365725f69647c733a313a2231223b),
('ci_session:mml7ll8jhc1nvvlqndn4iupmptkut167', '::1', 4294967295, 0x5f5f63695f6c6173745f726567656e65726174657c693a313737343836383330313b5f63695f70726576696f75735f75726c7c733a33323a22687474703a2f2f6c6f63616c686f73743a383038302f76656e7465732f616464223b757365725f69647c733a313a2231223b),
('ci_session:mnhgc3kbvfl9k0r9bluj52ajb1fdelik', '::1', 4294967295, 0x5f5f63695f6c6173745f726567656e65726174657c693a313737333933313536343b5f63695f70726576696f75735f75726c7c733a34383a22687474703a2f2f6c6f63616c686f73743a383038302f64617368626f72642f64617368626f72643f66696c7472653d32223b757365725f69647c733a313a2231223b),
('ci_session:n6e47o0d1mc893gj02iq9l5ooqbelrkh', '::1', 4294967295, 0x5f5f63695f6c6173745f726567656e65726174657c693a313737333933373535353b5f63695f70726576696f75735f75726c7c733a33393a22687474703a2f2f6c6f63616c686f73743a383038302f64617368626f72642f64617368626f7264223b757365725f69647c733a313a2231223b),
('ci_session:nn569ilior52qan2im3oo8no9lkg5ttc', '::1', 4294967295, 0x5f5f63695f6c6173745f726567656e65726174657c693a313737353033313132343b5f63695f70726576696f75735f75726c7c733a32373a22687474703a2f2f6c6f63616c686f73743a383038302f6163686174223b757365725f69647c733a313a2231223b),
('ci_session:nnt0sjqq37uj1i8236tfk9t1fb44hodi', '::1', 4294967295, 0x5f5f63695f6c6173745f726567656e65726174657c693a313737333733313338313b5f63695f70726576696f75735f75726c7c733a32323a22687474703a2f2f6c6f63616c686f73743a383038302f223b757365725f69647c733a313a2231223b),
('ci_session:o4eu28uuntejmqg7fhvto3ho0052lebq', '::1', 4294967295, 0x5f5f63695f6c6173745f726567656e65726174657c693a313737353033333334333b5f63695f70726576696f75735f75726c7c733a32373a22687474703a2f2f6c6f63616c686f73743a383038302f6163686174223b757365725f69647c733a313a2231223b),
('ci_session:o4lgqi1t3savobj9p452s2aq6vnhbf4n', '::1', 4294967295, 0x5f5f63695f6c6173745f726567656e65726174657c693a313737343836313535353b5f63695f70726576696f75735f75726c7c733a33323a22687474703a2f2f6c6f63616c686f73743a383038302f76656e7465732f616464223b757365725f69647c733a313a2231223b),
('ci_session:o4sipd2jgdp6i40ils4q2c0cs4fjuod0', '::1', 4294967295, 0x5f5f63695f6c6173745f726567656e65726174657c693a313737333835363732363b5f63695f70726576696f75735f75726c7c733a33393a22687474703a2f2f6c6f63616c686f73743a383038302f64617368626f72642f64617368626f7264223b),
('ci_session:odcbp25ar31bt3n1itsl5dpajebm6rb7', '::1', 4294967295, 0x5f5f63695f6c6173745f726567656e65726174657c693a313737333835373139313b5f63695f70726576696f75735f75726c7c733a33393a22687474703a2f2f6c6f63616c686f73743a383038302f64617368626f72642f64617368626f7264223b),
('ci_session:op522la8u91vblgav20u30i9e20sgfdp', '::1', 4294967295, 0x5f5f63695f6c6173745f726567656e65726174657c693a313737343839343138363b5f63695f70726576696f75735f75726c7c733a33323a22687474703a2f2f6c6f63616c686f73743a383038302f76656e7465732f616464223b),
('ci_session:pl6ijj2poamm0555eteng8bejh3ep8q4', '::1', 4294967295, 0x5f5f63695f6c6173745f726567656e65726174657c693a313737353035313431353b5f63695f70726576696f75735f75726c7c733a33323a22687474703a2f2f6c6f63616c686f73743a383038302f76656e7465732f616464223b),
('ci_session:plfati00td3t8p9cb6g8jf752qrkkf02', '::1', 4294967295, 0x5f5f63695f6c6173745f726567656e65726174657c693a313737333834333638383b5f63695f70726576696f75735f75726c7c733a32323a22687474703a2f2f6c6f63616c686f73743a383038302f223b),
('ci_session:pp9j6uc90mqc0d1k9m8e3kdnmkgk6t5n', '::1', 4294967295, 0x5f5f63695f6c6173745f726567656e65726174657c693a313737333933333032323b5f63695f70726576696f75735f75726c7c733a34383a22687474703a2f2f6c6f63616c686f73743a383038302f64617368626f72642f64617368626f72643f66696c7472653d32223b757365725f69647c733a313a2231223b),
('ci_session:q7muqc9fkgf0vp04cla260jks0qkm698', '::1', 4294967295, 0x5f5f63695f6c6173745f726567656e65726174657c693a313737343837303631393b5f63695f70726576696f75735f75726c7c733a33323a22687474703a2f2f6c6f63616c686f73743a383038302f76656e7465732f616464223b757365725f69647c733a313a2231223b),
('ci_session:qprncq4lb8bje4g9u3co3d19694of1q1', '::1', 4294967295, 0x5f5f63695f6c6173745f726567656e65726174657c693a313737333835373937323b5f63695f70726576696f75735f75726c7c733a33393a22687474703a2f2f6c6f63616c686f73743a383038302f64617368626f72642f64617368626f7264223b),
('ci_session:r1q09rntb3k5rg8iobrff2pl40311smh', '::1', 4294967295, 0x5f5f63695f6c6173745f726567656e65726174657c693a313737353034393530393b5f63695f70726576696f75735f75726c7c733a33323a22687474703a2f2f6c6f63616c686f73743a383038302f76656e7465732f616464223b),
('ci_session:rq0u5cvqabjc2l6mtiel0up7gvblik5i', '::1', 4294967295, 0x5f5f63695f6c6173745f726567656e65726174657c693a313737343837303237303b5f63695f70726576696f75735f75726c7c733a33323a22687474703a2f2f6c6f63616c686f73743a383038302f76656e7465732f616464223b757365725f69647c733a313a2231223b),
('ci_session:s1kq3nek8mf2r3l7q1uhf8gtc0me7v9t', '::1', 4294967295, 0x5f5f63695f6c6173745f726567656e65726174657c693a313737343836383632303b5f63695f70726576696f75735f75726c7c733a33323a22687474703a2f2f6c6f63616c686f73743a383038302f76656e7465732f616464223b757365725f69647c733a313a2231223b),
('ci_session:s64bl49rhiod75knsgsaum6ksjst42pk', '::1', 4294967295, 0x5f5f63695f6c6173745f726567656e65726174657c693a313737343837313239393b5f63695f70726576696f75735f75726c7c733a33323a22687474703a2f2f6c6f63616c686f73743a383038302f76656e7465732f616464223b757365725f69647c733a313a2231223b),
('ci_session:sdl9kgp9ltdl26o17fspj5893uhgf3fg', '::1', 4294967295, 0x5f5f63695f6c6173745f726567656e65726174657c693a313737343839353334373b5f63695f70726576696f75735f75726c7c733a33323a22687474703a2f2f6c6f63616c686f73743a383038302f76656e7465732f616464223b),
('ci_session:so9aj4mdnu8psq1jdg89dcjlq3m9d4bm', '::1', 4294967295, 0x5f5f63695f6c6173745f726567656e65726174657c693a313737333736303232373b5f63695f70726576696f75735f75726c7c733a33393a22687474703a2f2f6c6f63616c686f73743a383038302f64617368626f72642f64617368626f7264223b),
('ci_session:t7v49hmtcvkcrnqq0lnkvjcsuvj2nt25', '::1', 4294967295, 0x5f5f63695f6c6173745f726567656e65726174657c693a313737333734313031343b5f63695f70726576696f75735f75726c7c733a33393a22687474703a2f2f6c6f63616c686f73743a383038302f64617368626f72642f64617368626f7264223b757365725f69647c733a313a2231223b),
('ci_session:tfe2h8t74rt31c3f02t28gbi12kaqet5', '::1', 4294967295, 0x5f5f63695f6c6173745f726567656e65726174657c693a313737333835353931303b5f63695f70726576696f75735f75726c7c733a33393a22687474703a2f2f6c6f63616c686f73743a383038302f64617368626f72642f64617368626f7264223b),
('ci_session:thrrdln8keta9cqm0h7l2a341av4gpt3', '::1', 4294967295, 0x5f5f63695f6c6173745f726567656e65726174657c693a313737353035323435323b5f63695f70726576696f75735f75726c7c733a32373a22687474703a2f2f6c6f63616c686f73743a383038302f6163686174223b),
('ci_session:uqqdee5siuvcqkr73ner3gjnrduipv1n', '::1', 4294967295, 0x5f5f63695f6c6173745f726567656e65726174657c693a313737353033313936323b5f63695f70726576696f75735f75726c7c733a32373a22687474703a2f2f6c6f63616c686f73743a383038302f6163686174223b757365725f69647c733a313a2231223b),
('ci_session:urkmun088p210edockanr8g8hagbb187', '::1', 4294967295, 0x5f5f63695f6c6173745f726567656e65726174657c693a313737343838373630303b5f63695f70726576696f75735f75726c7c733a33323a22687474703a2f2f6c6f63616c686f73743a383038302f76656e7465732f616464223b),
('ci_session:v51bndd4908ihvciomppfl9drb524m7m', '::1', 4294967295, 0x5f5f63695f6c6173745f726567656e65726174657c693a313737333933303237393b5f63695f70726576696f75735f75726c7c733a33393a22687474703a2f2f6c6f63616c686f73743a383038302f64617368626f72642f64617368626f7264223b757365725f69647c733a313a2231223b),
('ci_session:vf1nk0fpdb5qllc9ngsamvppjh01jgs6', '::1', 4294967295, 0x5f5f63695f6c6173745f726567656e65726174657c693a313737333835383332343b5f63695f70726576696f75735f75726c7c733a33393a22687474703a2f2f6c6f63616c686f73743a383038302f64617368626f72642f64617368626f7264223b),
('ci_session:vsp32pl3ikf50ngs8db9m693o6tfg385', '::1', 4294967295, 0x5f5f63695f6c6173745f726567656e65726174657c693a313737353032393938393b5f63695f70726576696f75735f75726c7c733a32373a22687474703a2f2f6c6f63616c686f73743a383038302f6163686174223b757365725f69647c733a313a2231223b),
('ci_session:vvbjq1ncg4s7miml1ep6ooghcia6nda9', '::1', 4294967295, 0x5f5f63695f6c6173745f726567656e65726174657c693a313737343838333336303b5f63695f70726576696f75735f75726c7c733a33323a22687474703a2f2f6c6f63616c686f73743a383038302f76656e7465732f616464223b);

-- --------------------------------------------------------

--
-- Structure de la table `commande_client`
--

CREATE TABLE `commande_client` (
  `ID_COMMANDE` int(10) UNSIGNED NOT NULL,
  `ID_ORIGINE_COMMANDE` int(11) NOT NULL,
  `ID_USER_TRAITEUR` int(11) DEFAULT NULL COMMENT 'Si origine n''est pas client',
  `ID_USER_SERVEUR` int(11) DEFAULT NULL,
  `TEL` int(11) DEFAULT NULL COMMENT 'sI origine est client',
  `PT` double NOT NULL,
  `STATUT` tinyint(1) UNSIGNED NOT NULL DEFAULT 1 COMMENT '1. En cours 2.Valide et distribue 3. Rejete',
  `MOTIF_REJET` text NOT NULL COMMENT 'obligatoire si commande rejete',
  `DATE_DEMANDE` int(11) NOT NULL
) ENGINE=InnoDB DEFAULT CHARSET=utf8mb4 COLLATE=utf8mb4_general_ci;

-- --------------------------------------------------------

--
-- Structure de la table `commande_client_detail`
--

CREATE TABLE `commande_client_detail` (
  `ID_COMMANDE_DETAIL` int(10) UNSIGNED NOT NULL,
  `ID_PRODUIT` int(11) NOT NULL,
  `QTE_DEMANDE` float NOT NULL,
  `QTE_DISTRIBUE` float NOT NULL,
  `ID_UNITE_MESURE` int(11) NOT NULL,
  `PU` double NOT NULL
) ENGINE=InnoDB DEFAULT CHARSET=utf8mb4 COLLATE=utf8mb4_general_ci;

-- --------------------------------------------------------

--
-- Structure de la table `commande_origine`
--

CREATE TABLE `commande_origine` (
  `ID_ORIGINE_COMMANDE` tinyint(1) UNSIGNED NOT NULL,
  `DESC_ORIGINE_COMM` varchar(100) NOT NULL,
  `EST_ACTIVE` tinyint(1) NOT NULL DEFAULT 1
) ENGINE=InnoDB DEFAULT CHARSET=utf8mb4 COLLATE=utf8mb4_general_ci;

--
-- Déchargement des données de la table `commande_origine`
--

INSERT INTO `commande_origine` (`ID_ORIGINE_COMMANDE`, `DESC_ORIGINE_COMM`, `EST_ACTIVE`) VALUES
(1, 'Client', 1),
(2, 'Serveur', 1),
(3, 'Caissier', 1);

-- --------------------------------------------------------

--
-- Structure de la table `depenses`
--

CREATE TABLE `depenses` (
  `ID_DEPENSE` bigint(20) UNSIGNED NOT NULL,
  `ID_TYPE_DEPENSE` tinyint(1) UNSIGNED NOT NULL,
  `MONTANT` double NOT NULL,
  `DATE_DEPENSE` datetime NOT NULL,
  `ID_USER` int(11) NOT NULL,
  `DATE_INSERTION` datetime NOT NULL DEFAULT current_timestamp()
) ENGINE=InnoDB DEFAULT CHARSET=utf8mb4 COLLATE=utf8mb4_general_ci;

-- --------------------------------------------------------

--
-- Structure de la table `fournisseur`
--

CREATE TABLE `fournisseur` (
  `ID_FOURNISSEUR` int(10) UNSIGNED NOT NULL,
  `NOM_FOURNISSEUR` varchar(100) NOT NULL,
  `ADRESSE` varchar(100) NOT NULL,
  `TEL` int(11) NOT NULL,
  `EST_ACTIVE` tinyint(1) NOT NULL DEFAULT 1,
  `DATE_INSERTION` datetime NOT NULL DEFAULT current_timestamp()
) ENGINE=InnoDB DEFAULT CHARSET=utf8mb4 COLLATE=utf8mb4_general_ci;

--
-- Déchargement des données de la table `fournisseur`
--

INSERT INTO `fournisseur` (`ID_FOURNISSEUR`, `NOM_FOURNISSEUR`, `ADRESSE`, `TEL`, `EST_ACTIVE`, `DATE_INSERTION`) VALUES
(1, 'Dépot Gasenyi', 'Gasenyi', 6200355, 1, '2026-03-16 19:40:23');

-- --------------------------------------------------------

--
-- Structure de la table `produits`
--

CREATE TABLE `produits` (
  `ID_PRODUIT` int(10) UNSIGNED NOT NULL,
  `DESC_PRODUIT` varchar(100) NOT NULL,
  `QTE_MINIMAL` float NOT NULL COMMENT 'Pour alerter',
  `ID_UNITE_MESURE` tinyint(1) UNSIGNED NOT NULL COMMENT 'Toujours bouteille si categorie est boisson',
  `ID_SOUS_CATEGORIE` int(11) NOT NULL,
  `NBR_BOUTEILLE_PAR_CASIER` tinyint(1) UNSIGNED NOT NULL,
  `EST_ACTIVE` tinyint(1) NOT NULL DEFAULT 1,
  `DATE_INSERTION` datetime NOT NULL
) ENGINE=InnoDB DEFAULT CHARSET=utf8mb4 COLLATE=utf8mb4_general_ci;

--
-- Déchargement des données de la table `produits`
--

INSERT INTO `produits` (`ID_PRODUIT`, `DESC_PRODUIT`, `QTE_MINIMAL`, `ID_UNITE_MESURE`, `ID_SOUS_CATEGORIE`, `NBR_BOUTEILLE_PAR_CASIER`, `EST_ACTIVE`, `DATE_INSERTION`) VALUES
(1, 'Primus 72 Cl', 6, 3, 1, 12, 1, '2026-03-16 17:40:43'),
(2, 'Primus 50Cl', 10, 3, 2, 20, 1, '2026-03-16 16:41:05');

-- --------------------------------------------------------

--
-- Structure de la table `produits_lot`
--

CREATE TABLE `produits_lot` (
  `ID_PRODUIT_LOT` int(10) UNSIGNED NOT NULL,
  `ID_PRODUIT` int(11) NOT NULL,
  `DESCRIPTION` text NOT NULL,
  `QTE` float NOT NULL,
  `QTE_RESTANT` float NOT NULL,
  `PU_ACHAT` double NOT NULL COMMENT 'prix d''achat',
  `PU_VENTE` double NOT NULL COMMENT 'prix de vente',
  `DATE_EXPIRATION` datetime DEFAULT NULL,
  `ID_FOURNISSEUR` int(11) NOT NULL,
  `EST_ACTIVE` tinyint(1) NOT NULL COMMENT '1.Active 2.Stock fini',
  `DATE_INSERTION` datetime NOT NULL DEFAULT current_timestamp()
) ENGINE=InnoDB DEFAULT CHARSET=utf8mb4 COLLATE=utf8mb4_general_ci;

--
-- Déchargement des données de la table `produits_lot`
--

INSERT INTO `produits_lot` (`ID_PRODUIT_LOT`, `ID_PRODUIT`, `DESCRIPTION`, `QTE`, `QTE_RESTANT`, `PU_ACHAT`, `PU_VENTE`, `DATE_EXPIRATION`, `ID_FOURNISSEUR`, `EST_ACTIVE`, `DATE_INSERTION`) VALUES
(1, 1, 'Commande dépôt gasenyi', 36, 34, 4000, 5000, '2026-08-01 19:41:28', 1, 1, '2026-03-16 19:44:25'),
(2, 2, 'Commande dépôt gasenyi', 40, 31, 3000, 3500, '2026-08-01 19:41:28', 1, 1, '2026-03-16 19:44:25'),
(3, 1, 'Commande dépôt gasenyi', 40, 0, 3000, 3500, '2026-08-01 19:41:28', 1, 1, '2026-03-16 19:44:25'),
(4, 1, 'Commande dépôt gasenyi', 40, 0, 3000, 3500, '2026-08-01 19:41:28', 1, 1, '2026-03-16 19:44:25');

-- --------------------------------------------------------

--
-- Structure de la table `profil`
--

CREATE TABLE `profil` (
  `ID_PROFIL` tinyint(1) UNSIGNED NOT NULL,
  `DESC_PROFIL` varchar(100) NOT NULL,
  `EST_ACTIVE` tinyint(1) NOT NULL
) ENGINE=InnoDB DEFAULT CHARSET=utf8mb4 COLLATE=utf8mb4_general_ci;

-- --------------------------------------------------------

--
-- Structure de la table `raison_sortie`
--

CREATE TABLE `raison_sortie` (
  `ID_RAISON_SORTIE` tinyint(1) UNSIGNED NOT NULL,
  `DESC_RAISON_SORTIE` varchar(100) NOT NULL,
  `EST_ACTIVE` tinyint(1) NOT NULL DEFAULT 1
) ENGINE=InnoDB DEFAULT CHARSET=utf8mb4 COLLATE=utf8mb4_general_ci;

--
-- Déchargement des données de la table `raison_sortie`
--

INSERT INTO `raison_sortie` (`ID_RAISON_SORTIE`, `DESC_RAISON_SORTIE`, `EST_ACTIVE`) VALUES
(1, 'Vente', 1),
(2, 'Produit périmé', 1);

-- --------------------------------------------------------

--
-- Structure de la table `sortie`
--

CREATE TABLE `sortie` (
  `ID_SORTIE` bigint(20) UNSIGNED NOT NULL,
  `ID_PRODUIT_LOT` int(11) NOT NULL,
  `QTE` float NOT NULL,
  `ID_RAISON_SORTIE` tinyint(1) UNSIGNED NOT NULL,
  `PU` double NOT NULL,
  `DATE_INSERTION` datetime NOT NULL DEFAULT current_timestamp(),
  `IS_DETTE` tinyint(1) UNSIGNED NOT NULL DEFAULT 0 COMMENT '0.Pas dette 1.dette 2. dette paye'
) ENGINE=InnoDB DEFAULT CHARSET=utf8mb4 COLLATE=utf8mb4_general_ci;

--
-- Déchargement des données de la table `sortie`
--

INSERT INTO `sortie` (`ID_SORTIE`, `ID_PRODUIT_LOT`, `QTE`, `ID_RAISON_SORTIE`, `PU`, `DATE_INSERTION`, `IS_DETTE`) VALUES
(1, 1, 3, 1, 5000, '2026-03-16 20:08:18', 0),
(2, 2, 5, 1, 3500, '2026-03-16 20:08:18', 0),
(3, 3, 2, 1, 5000, '2026-03-30 14:44:32', 0),
(4, 2, 1, 1, 3500, '2026-03-30 14:44:32', 0),
(5, 1, 1, 1, 5000, '2026-03-30 15:51:32', 0),
(7, 3, 1, 1, 5000, '2026-03-30 16:36:29', 0),
(8, 3, 1, 1, 5000, '2026-03-30 16:40:44', 0),
(9, 3, 3, 1, 5000, '2026-03-30 16:40:57', 0),
(10, 3, 33, 1, 5000, '2026-03-30 16:41:37', 0),
(11, 1, 2, 1, 5000, '2026-03-30 16:41:37', 0),
(12, 1, 2, 1, 5000, '2026-03-30 18:31:29', 0),
(13, 2, 1, 1, 3500, '2026-03-30 18:31:29', 0),
(14, 2, 1, 1, 3500, '2026-03-30 18:32:41', 0),
(15, 1, 1, 1, 5000, '2026-03-30 18:32:41', 0),
(16, 1, 1, 1, 5000, '2026-03-30 18:35:21', 0),
(17, 2, 1, 1, 3500, '2026-03-30 18:35:21', 0);

-- --------------------------------------------------------

--
-- Structure de la table `type_depense`
--

CREATE TABLE `type_depense` (
  `ID_TYPE_DEPENSE` tinyint(1) UNSIGNED NOT NULL,
  `DESC_TYPE_DEPENSE` varchar(200) NOT NULL,
  `EST_ACTIVE` tinyint(1) NOT NULL DEFAULT 1
) ENGINE=InnoDB DEFAULT CHARSET=utf8mb4 COLLATE=utf8mb4_general_ci;

--
-- Déchargement des données de la table `type_depense`
--

INSERT INTO `type_depense` (`ID_TYPE_DEPENSE`, `DESC_TYPE_DEPENSE`, `EST_ACTIVE`) VALUES
(1, 'Salaire mensuelle', 1),
(2, 'paiement loyer', 1);

-- --------------------------------------------------------

--
-- Structure de la table `unite_mesure`
--

CREATE TABLE `unite_mesure` (
  `ID_UNITE_MESURE` tinyint(1) UNSIGNED NOT NULL,
  `DESC_UNITE_MESURE` varchar(100) NOT NULL,
  `EST_ACTIVE` tinyint(1) NOT NULL DEFAULT 1
) ENGINE=InnoDB DEFAULT CHARSET=utf8mb4 COLLATE=utf8mb4_general_ci;

--
-- Déchargement des données de la table `unite_mesure`
--

INSERT INTO `unite_mesure` (`ID_UNITE_MESURE`, `DESC_UNITE_MESURE`, `EST_ACTIVE`) VALUES
(1, 'kg', 1),
(2, 'casier', 1),
(3, 'Bouteille', 1);

-- --------------------------------------------------------

--
-- Structure de la table `users`
--

CREATE TABLE `users` (
  `ID_USER` int(11) NOT NULL,
  `NOM_USER` varchar(50) NOT NULL,
  `PRENOM_USER` varchar(50) NOT NULL,
  `TELEPHONE` varchar(30) NOT NULL,
  `USERNAME` varchar(50) NOT NULL,
  `PASSWORD` varchar(50) NOT NULL,
  `ID_PROFIL` int(11) NOT NULL,
  `PHOTO_PROFIL` varchar(100) DEFAULT NULL,
  `EST_ACTIVE` tinyint(1) NOT NULL DEFAULT 1
) ENGINE=InnoDB DEFAULT CHARSET=utf8mb4 COLLATE=utf8mb4_general_ci;

--
-- Déchargement des données de la table `users`
--

INSERT INTO `users` (`ID_USER`, `NOM_USER`, `PRENOM_USER`, `TELEPHONE`, `USERNAME`, `PASSWORD`, `ID_PROFIL`, `PHOTO_PROFIL`, `EST_ACTIVE`) VALUES
(1, 'Alain Charbel', 'NDERAGAKURA', '62003522', '62003522', '12345', 1, NULL, 1);

--
-- Index pour les tables déchargées
--

--
-- Index pour la table `categorie`
--
ALTER TABLE `categorie`
  ADD PRIMARY KEY (`ID_CATEGORIE`);

--
-- Index pour la table `categorie_sous_categ`
--
ALTER TABLE `categorie_sous_categ`
  ADD PRIMARY KEY (`ID_SOUS_CATEGORIE`);

--
-- Index pour la table `ci_sessions`
--
ALTER TABLE `ci_sessions`
  ADD PRIMARY KEY (`id`);

--
-- Index pour la table `commande_client`
--
ALTER TABLE `commande_client`
  ADD PRIMARY KEY (`ID_COMMANDE`);

--
-- Index pour la table `commande_client_detail`
--
ALTER TABLE `commande_client_detail`
  ADD PRIMARY KEY (`ID_COMMANDE_DETAIL`);

--
-- Index pour la table `commande_origine`
--
ALTER TABLE `commande_origine`
  ADD PRIMARY KEY (`ID_ORIGINE_COMMANDE`);

--
-- Index pour la table `depenses`
--
ALTER TABLE `depenses`
  ADD PRIMARY KEY (`ID_DEPENSE`);

--
-- Index pour la table `fournisseur`
--
ALTER TABLE `fournisseur`
  ADD PRIMARY KEY (`ID_FOURNISSEUR`);

--
-- Index pour la table `produits`
--
ALTER TABLE `produits`
  ADD PRIMARY KEY (`ID_PRODUIT`);

--
-- Index pour la table `produits_lot`
--
ALTER TABLE `produits_lot`
  ADD PRIMARY KEY (`ID_PRODUIT_LOT`);

--
-- Index pour la table `profil`
--
ALTER TABLE `profil`
  ADD PRIMARY KEY (`ID_PROFIL`);

--
-- Index pour la table `raison_sortie`
--
ALTER TABLE `raison_sortie`
  ADD PRIMARY KEY (`ID_RAISON_SORTIE`);

--
-- Index pour la table `sortie`
--
ALTER TABLE `sortie`
  ADD PRIMARY KEY (`ID_SORTIE`);

--
-- Index pour la table `type_depense`
--
ALTER TABLE `type_depense`
  ADD PRIMARY KEY (`ID_TYPE_DEPENSE`);

--
-- Index pour la table `unite_mesure`
--
ALTER TABLE `unite_mesure`
  ADD PRIMARY KEY (`ID_UNITE_MESURE`);

--
-- Index pour la table `users`
--
ALTER TABLE `users`
  ADD PRIMARY KEY (`ID_USER`);

--
-- AUTO_INCREMENT pour les tables déchargées
--

--
-- AUTO_INCREMENT pour la table `categorie`
--
ALTER TABLE `categorie`
  MODIFY `ID_CATEGORIE` int(10) UNSIGNED NOT NULL AUTO_INCREMENT, AUTO_INCREMENT=3;

--
-- AUTO_INCREMENT pour la table `categorie_sous_categ`
--
ALTER TABLE `categorie_sous_categ`
  MODIFY `ID_SOUS_CATEGORIE` int(10) UNSIGNED NOT NULL AUTO_INCREMENT, AUTO_INCREMENT=6;

--
-- AUTO_INCREMENT pour la table `commande_client`
--
ALTER TABLE `commande_client`
  MODIFY `ID_COMMANDE` int(10) UNSIGNED NOT NULL AUTO_INCREMENT;

--
-- AUTO_INCREMENT pour la table `commande_client_detail`
--
ALTER TABLE `commande_client_detail`
  MODIFY `ID_COMMANDE_DETAIL` int(10) UNSIGNED NOT NULL AUTO_INCREMENT;

--
-- AUTO_INCREMENT pour la table `commande_origine`
--
ALTER TABLE `commande_origine`
  MODIFY `ID_ORIGINE_COMMANDE` tinyint(1) UNSIGNED NOT NULL AUTO_INCREMENT, AUTO_INCREMENT=4;

--
-- AUTO_INCREMENT pour la table `depenses`
--
ALTER TABLE `depenses`
  MODIFY `ID_DEPENSE` bigint(20) UNSIGNED NOT NULL AUTO_INCREMENT;

--
-- AUTO_INCREMENT pour la table `fournisseur`
--
ALTER TABLE `fournisseur`
  MODIFY `ID_FOURNISSEUR` int(10) UNSIGNED NOT NULL AUTO_INCREMENT, AUTO_INCREMENT=2;

--
-- AUTO_INCREMENT pour la table `produits`
--
ALTER TABLE `produits`
  MODIFY `ID_PRODUIT` int(10) UNSIGNED NOT NULL AUTO_INCREMENT, AUTO_INCREMENT=3;

--
-- AUTO_INCREMENT pour la table `produits_lot`
--
ALTER TABLE `produits_lot`
  MODIFY `ID_PRODUIT_LOT` int(10) UNSIGNED NOT NULL AUTO_INCREMENT, AUTO_INCREMENT=5;

--
-- AUTO_INCREMENT pour la table `profil`
--
ALTER TABLE `profil`
  MODIFY `ID_PROFIL` tinyint(1) UNSIGNED NOT NULL AUTO_INCREMENT;

--
-- AUTO_INCREMENT pour la table `raison_sortie`
--
ALTER TABLE `raison_sortie`
  MODIFY `ID_RAISON_SORTIE` tinyint(1) UNSIGNED NOT NULL AUTO_INCREMENT, AUTO_INCREMENT=3;

--
-- AUTO_INCREMENT pour la table `sortie`
--
ALTER TABLE `sortie`
  MODIFY `ID_SORTIE` bigint(20) UNSIGNED NOT NULL AUTO_INCREMENT, AUTO_INCREMENT=18;

--
-- AUTO_INCREMENT pour la table `type_depense`
--
ALTER TABLE `type_depense`
  MODIFY `ID_TYPE_DEPENSE` tinyint(1) UNSIGNED NOT NULL AUTO_INCREMENT, AUTO_INCREMENT=3;

--
-- AUTO_INCREMENT pour la table `unite_mesure`
--
ALTER TABLE `unite_mesure`
  MODIFY `ID_UNITE_MESURE` tinyint(1) UNSIGNED NOT NULL AUTO_INCREMENT, AUTO_INCREMENT=4;

--
-- AUTO_INCREMENT pour la table `users`
--
ALTER TABLE `users`
  MODIFY `ID_USER` int(11) NOT NULL AUTO_INCREMENT, AUTO_INCREMENT=2;
COMMIT;

/*!40101 SET CHARACTER_SET_CLIENT=@OLD_CHARACTER_SET_CLIENT */;
/*!40101 SET CHARACTER_SET_RESULTS=@OLD_CHARACTER_SET_RESULTS */;
/*!40101 SET COLLATION_CONNECTION=@OLD_COLLATION_CONNECTION */;
